id	question	option1	option2	option3	option4	correctIndex	explanation	bigTopic	module	theme	subtheme	type	imageFile
post_seq_survey_02	How does 'Multiplexing' (ie barcoding) lower the cost of microbiome studies?	It reduces the need for PCR amplification in the library preparation step	It reduces the cost by allowing sequencing of multiple samples in the same lane	It improves the quality of the sequencing data across all samples	It makes the sequencing run significantly faster	2	A single flow cell lane is expensive but produces millions of reads. Multiplexing lets you split that one cost across 96 or 384 samples.	16S	QIIME2	Amplicon sequencing	Sequencing	survey	
prop_q2_arch_01	What is the fundamental purpose of a QIIME 2 'Plugin'?	To visualize data in a web browser	To manage the conda environment	"To provide a specific set of related commands (e.g., 'demux' or 'diversity')"	To store the raw sequencing data	3	QIIME 2 is a modular system; plugins are the specific toolkits (like `q2-dada2`) that perform the actual analysis tasks.	16S	QIIME2	QIIME Foundations	Import & Architecture	property	
prop_q2_arch_04	What is the correct syntax structure for running any QIIME 2 command?	qiime <action> <plugin> <options>	qiime <plugin> <action> <options>	run <plugin> <action> <options>	call <action> <plugin> <options>	2	Commands always follow the hierarchy: `qiime` (program) -> `plugin` (toolset) -> `action` (specific task).	16S	QIIME2	QIIME Foundations	Import & Architecture	property	
mile_q2_arch_03	"Look at this incorrect code snippet: `qiime import --type EMPSingleEndSequences ...`. Why does this return ""command not found""?"	It is missing the `tools` plugin name	It is missing the input path	It is missing the output path	It is missing the file extension	1	"QIIME 2 is organized into plugins; `import` is an action belonging to the `tools` plugin, so you must type `qiime tools import`."	16S	QIIME2	QIIME Foundations	Import & Architecture	milestone	
prop_tax_bio_04	What biological process does the `extract-reads` step simulate on the computer?	The sequencing reaction	The PCR amplification	The bacterial growth	The DNA extraction	2	"It identifies the primer binding sites in the reference sequences and ""amplifies"" (extracts) only the target region."	16S	QIIME2	Taxonomic diversity	Taxonomy	property	
prop_seq_mech_01	"What is the correct order of the four basic steps in the 16S sequencing workflow, from sample collection to QIIME2/R?"	"Sequencing, Sample Prep, Cluster Generation, Data Analysis"	"Sample Prep, Cluster Generation, Sequencing, Data Analysis"	"Sample Prep, Sequencing, Cluster Generation, Data Analysis"	"Cluster Generation, Sample Prep, Sequencing, Data Analysis"	2	"The workflow must proceed logically: prepare the DNA (Sample Prep), attach and amplify it on the flow cell (Cluster Gen), read the bases (Sequencing), and finally process the results (Data Analysis)."	16S	QIIME2	Amplicon sequencing	Sequencing	property	
prop_seq_mech_06	How does 'Paired-End' sequencing differ from single-end sequencing?	It sequences two different samples at once	It sequences DNA and RNA simultaneously	It sequences the same strand twice	It sequences both ends of a DNA fragment	4	"Paired-end sequencing reads the fragment from the 5' end, flips it over (turnaround), and reads it again from the 3' end to provide coverage of both sides."	16S	QIIME2	Amplicon sequencing	Sequencing	property	
prop_seq_mech_08	On what physical surface does the Illumina sequencing reaction take place?	A silicon microchip	A flow cell	A plastic microplate	A magnetic bead	2	The reaction occurs on a glass flow cell coated with a lawn of oligonucleotides (P5/P7) that capture the library.	16S	QIIME2	Amplicon sequencing	Sequencing	property	
prop_seq_mech_10	What constitutes a 'Cluster' on the Illumina sequencer's flow cell?	A group of identical strands derived from one template	A group of different DNA fragments from one sample	A single DNA strand attached to an oligo	A group of sequencing primers bound together	1	"A cluster is a colony of thousands of identical DNA strands generated from a single library fragment, providing enough signal intensity for the camera to see."	16S	QIIME2	Amplicon sequencing	Sequencing	property	
mile_seq_mech_01	"You need to sequence the V3-V4 region (~460 bp). Which sequencing approach ensures that the reads will overlap, thus capturing the entire region?"	Paired-end 150 bp	Single-end 300 bp	Paired-end 300 bp	Single-end 400 bp	3	"To cover 460bp with overlap, you need a total read length > 460bp. Paired-end 300bp (300+300=600bp) is the only option that bridges the gap."	16S	QIIME2	Amplicon sequencing	Sequencing	milestone	
mile_seq_mech_04	Why do we add unique barcodes to samples before pooling them for a single run?	To improve the quality scores of the run	To increase the total amount of DNA	To allow us to demultiplex the samples in QIIME2	To physically separate them in the lane	3	"Pooling lowers cost, but mixes the physical DNA; unique indices allow the computer to digitally separate the data back into individual samples."	16S	QIIME2	Amplicon sequencing	Sequencing	milestone	
mile_seq_mech_08	What is an advantage of Paired-End sequencing over Single-End sequencing?	It can cover larger variable regions	It is significantly cheaper	It produces twice as many clusters	It is faster to run	1	"Paired-end sequencing allows you to merge reads to cover larger gene regions (like V3-V4), providing more sequence information for accurate taxonomy assignment."	16S	QIIME2	Amplicon sequencing	Sequencing	milestone	
prop_16s_06	What is the biological function of the 16S rRNA gene in bacteria?	It encodes a metabolic enzyme required for glycolysis	It encodes a structural component of the ribosome needed for translation	It encodes a toxin used for bacterial defense	It encodes a regulatory protein for cell division	2	"The 16S gene does not code for a protein; it codes for the RNA scaffold of the small ribosomal subunit, which is essential for protein synthesis."	16S	QIIME2	Amplicon sequencing	16S rRNA	property	
prop_16s_08	What is the definition of 'Microbiota'?	The combined genetic material of all microbes	The specific viral population in a sample	The bacterial cell wall structure	The community of microorganisms in an environment	4	"Microbiota refers to the actual community of living organisms (bacteria, fungi, viruses) in an environment, distinct from their genes."	16S	QIIME2	Amplicon sequencing	16S rRNA	property	
prop_16s_09	Which scientist is credited with pioneering the use of 16S rRNA for phylogeny?	Charles Darwin	Robert Koch	Louis Pasteur	Carl Woese	4	Carl Woese revolutionized biology by using 16S rRNA sequences to define the domain Archaea and redraw the phylogenetic tree of life.	16S	QIIME2	Amplicon sequencing	16S rRNA	property	
prop_16s_10	What is the difference between Microbiome and Microbiota?	Microbiome refers to genes; Microbiota refers to the organisms	Microbiota refers to genes; Microbiome refers to the organisms	They are exactly the same term	Microbiome is for viruses only; Microbiota is for bacteria	1	"While often used interchangeably, strictly speaking, Microbiota is the organisms, while Microbiome refers to their collective genetic material (genomes)."	16S	QIIME2	Amplicon sequencing	16S rRNA	property	
mile_16s_04	Why is it necessary to target specific regions like V3-V4 (approx 460bp) rather than the whole 16S gene (1500bp) for Illumina sequencing?	The whole gene is too conserved to provide identification	The V3-V4 region is the only variable part	The whole gene cannot be amplified by any type of PCR	Illumina read lengths are too short to span the full gene	4	"Standard Illumina reads (e.g., 2x300bp) are too short to bridge the full 1500bp gene, so we must target smaller sub-regions like V3-V4."	16S	QIIME2	Amplicon sequencing	16S rRNA	milestone	
mile_16s_06	"If you use a primer set that binds to V1 and V3, but your analysis assumes V4, what will happen during taxonomic classification?"	The quality scores will improve	The classification will fail or be incorrect due to database mismatch	The analysis will proceed without errors	The read count will increase	2	"Taxonomic classifiers look for region-specific patterns (k-mers). If you sequence V1-V3 but train the classifier on V4, the patterns won't match, causing failure."	16S	QIIME2	Amplicon sequencing	16S rRNA	milestone	
mile_16s_07	What is 'PCR Bias' in the context of 16S amplicon sequencing?	Random errors introduced by the polymerase	Degradation of DNA during the cycle	Contamination from the environment	Preferential amplification of some taxa over others due to primer affinity	4	"PCR bias occurs because universal primers bind more efficiently to some species than others, causing those taxa to be preferentially amplified and over-represented."	16S	QIIME2	Amplicon sequencing	16S rRNA	milestone	
mile_16s_09	Why can't 16S amplicon sequencing be used to identify viruses in a sample?	Viruses are too small to be sequenced	Viral DNA is not compatible with sequencing technology	Viruses do not contain ribosomes or the 16S rRNA gene	Viral genomes are made of protein	3	"The 16S gene is a component of the bacterial ribosome. Since viruses lack ribosomes, they do not have the 16S gene and cannot be detected."	16S	QIIME2	Amplicon sequencing	16S rRNA	milestone	
post_16s_survey_02	"Why might different studies of the same environment yield different results if they target different V-regions (e.g., V4 vs. V1-V3)?"	One region is always more accurate than the other	The sequencing machine we use changes based on the region	Different regions have different discriminatory power for specific bacterial taxa	The DNA extraction method changes based on the region	3	"V-regions evolve at different rates. V4 might resolve E. coli well, while V1-V3 might be better for other genera, leading to different taxonomic profiles."	16S	QIIME2	Amplicon sequencing	16S rRNA	survey	
post_16s_survey_03	"The 'Universal' primers (e.g., 27F) bind to conserved regions. Are they truly universal for all bacteria?"	"Yes, they bind to every single bacteria on Earth"	"No, some bacteria may have mutations in the binding site preventing amplification"	"Yes, they also bind to Archaea and Eukaryotes"	"No, they only bind to E. coli"	2	"No primer is truly universal. Some bacterial phyla (e.g., Planctomycetes) have mutations in the ""conserved"" sites, causing them to be missed (false negatives)."	16S	QIIME2	Amplicon sequencing	16S rRNA	survey	
post_16s_survey_05	Why is the 16S rRNA gene considered an ideal 'Molecular Clock' for phylogeny?	"It is present in all bacteria, functionally constant, and contains both conserved and variable regions"	It mutates very rapidly to show recent changes only	It is unique to pathogenic bacteria	It is a protein-coding gene subject to selection	1	"It is perfect because it is universal (present in all bacteria) yet accumulates neutral mutations at a slow, constant rate, allowing us to measure evolutionary time."	16S	QIIME2	Amplicon sequencing	16S rRNA	survey	
prop_q2_arch_02	"In the command `qiime tools import`, what role does `tools` play?"	It is the name of the input file	It is the plugin (subset of commands) being called	It is the specific action being performed	It is the name of the output directory	2	"In the standard syntax `qiime <plugin> <action>`, the word `tools` is the plugin responsible for general file operations."	16S	QIIME2	QIIME Foundations	Import & Architecture	property	
prop_q2_arch_03	"Which file extension represents a QIIME 2 Artifact, which contains both data and provenance metadata?"	.txt	.qzv	.fastq	.qza	4	"The `.qza` (QIIME Zipped Artifact) is the core data container, while `.qzv` is for visualization."	16S	QIIME2	QIIME Foundations	Import & Architecture	property	
prop_q2_arch_06	Which Semantic Type (data format specified during import) is appropriate for importing Earth Microbiome Project (EMP) single-end reads?	SampleData[Sequences]	FeatureData[Sequence]	Phylogeny[Rooted]	EMPSingleEndSequences	4	"EMP protocols use a specific multiplexed format, requiring the specific `EMPSingleEndSequences` semantic type for proper import."	16S	QIIME2	QIIME Foundations	Import & Architecture	property	
prop_q2_arch_07	What is the purpose of the `--input-path` part of the 'qiime tools import' command?	To specify the semantic type	To specify where the output artifact will be saved	To specify the directory or file containing the raw data	To specify the format of the input data	3	This flag tells the importer exactly where on the hard drive to find the raw files you want to bring into QIIME 2.	16S	QIIME2	QIIME Foundations	Import & Architecture	property	
prop_q2_arch_09	What is a 'Manifest File' used for during import?	It lists the barcodes for demultiplexing	It maps sample identifiers to their absolute file paths	It assigns taxonomy to sequences	It visualizes the quality scores	2	A manifest allows you to import data where filenames don't follow a standard convention by explicitly linking each file to a Sample ID.	16S	QIIME2	QIIME Foundations	Import & Architecture	property	
prop_q2_arch_10	Which format should be specified when importing a manifest file for single-end reads with Phred33-formatted quality scores?	PairedEndFastqManifestPhred64	SingleEndFastqManifestPhred33V2	EMPSingleEndSequences	FeatureData[Sequence]	2	You must match the format string exactly to your data; `SingleEnd...Phred33V2` tells QIIME to expect one file per sample with modern quality scores.	16S	QIIME2	QIIME Foundations	Import & Architecture	property	
mile_q2_arch_01	You run the following code but get an error: `qiime tools import --type EMPSingleEndSequences --output-path sequences.qza`. What critical flag (command input) is missing?	#NAME?	#NAME?	#NAME?	#NAME?	2	"The command has an output (`--output-path`) and a type, but lacks the input source (`--input-path`), so it has nothing to import."	16S	QIIME2	QIIME Foundations	Import & Architecture	milestone	
mile_q2_arch_04	"You have paired-end data with a manifest. Which Semantic Type (data type, --type) must you strictly use when running 'qiime tools import'?"	FeatureData[Sequence]	SampleData[PairedEndSequencesWithQuality]	SampleData[Sequences]	EMPSingleEndSequences	2	Semantic types are strict; single-end types cannot accept paired-end data. You must use the `PairedEnd...` type definition.	16S	QIIME2	QIIME Foundations	Import & Architecture	milestone	
mile_q2_arch_05	Why is `SampleData[Sequences]` NOT the correct type for importing the Moving Pictures dataset?	The data are already demultiplexed	The data contain no quality scores	The data are paired-end	The data are multiplexed and require the `EMPSingleEndSequences` type	4	The standard `SampleData[Sequences]` type assumes data is *already* demultiplexed. EMP data arrives mixed (multiplexed) and needs a special type to handle it.	16S	QIIME2	QIIME Foundations	Import & Architecture	milestone	
mile_q2_arch_06	You successfully imported your data but forgot the file name. You run `ls` and see `data.qza`. How can you confirm this is the correct artifact?	Run `qiime tools peek data.qza` to see its type and UUID	Run `cat data.qza` to read the text	Run `qiime tools view data.qza`	Run `open data.qza`	1	`peek` allows you to check the metadata (like the UUID) to cross-reference with your lab notebook without needing to open the full visualization.	16S	QIIME2	QIIME Foundations	Import & Architecture	milestone	
mile_q2_arch_07	What is the primary difference between a .qza file and a .qzv file in the QIIME 2 architecture?	.qza contains only metadata; .qzv contains only sequences	.qza is data for intermediate analysis; .qzv is a terminal visualization for humans	.qza is for humans; .qzv is for the computer	.qza is uncompressed; .qzv is compressed	2	"The `.qza` is the ""workhorse"" file for software processing; the `.qzv` is the ""report"" file for human interpretation."	16S	QIIME2	QIIME Foundations	Import & Architecture	milestone	
mile_q2_arch_10	Why does QIIME 2 wrap data in Artifacts (.qza) instead of using standard FASTQ files throughout the pipeline?	To make the files smaller	To prevent you from opening them	To track provenance (history) and ensure interoperability between plugins	To make it harder to use	3	"The Artifact system forces all data to carry its history (provenance) with it, ensuring reproducibility and preventing file format compatibility errors."	16S	QIIME2	QIIME Foundations	Import & Architecture	milestone	
post_arch_survey_04	You have demultiplexed paired-end data in a directory. You try to import it using `--type EMPSingleEndSequences`. Why does QIIME 2 reject this or fail later?	The files are too large	QIIME 2 cannot handle paired-end data	The directory is read-only	"The semantic type does not match the data structure (Paired vs Single, Demux vs Multiplexed)"	4	"QIIME 2 enforces ""Semantic Types""; you cannot trick it into accepting paired, demuxed data when it expects single, multiplexed data."	16S	QIIME2	QIIME Foundations	Survey	post	
post_arch_survey_05	"If you wanted to share your final analysis with a collaborator who does NOT have QIIME 2 installed, what files would you send them?"	The .qza artifact files	The raw FASTQ files	The manifest file	The .qzv visualization files	4	"`.qzv` files are designed to be portable and viewable on any computer using the web-based `view.qiime2.org` tool, requiring no installation."	16S	QIIME2	QIIME Foundations	Survey	post	
prop_q2_dn_01	"According to the module outcomes, what is the primary goal of the 'Denoising' step?"	To cluster sequences into 97% OTUs based on a reference database	To assign taxonomy to every read using a classifier	To trim reads and remove low-quality data to resolve exact Amplicon Sequence Variants (ASVs)	To align reads to a phylogenetic tree	3	Denoising (via DADA2/Deblur) aims to correct or remove errors to identify unique biological sequences (ASVs) rather than clustering them.	16S	QIIME2	QIIME Foundations	Denoising & QC	property	
prop_q2_dn_02	What is the fundamental difference between DADA2 and Deblur algorithms?	DADA2 is for paired-end only; Deblur is for single-end only	DADA2 uses a reference database; Deblur does not	DADA2 detects and corrects errors; Deblur detects and removes error-containing reads	Deblur corrects errors; DADA2 removes error-containing reads	3	"DADA2 uses a probabilistic model to *correct* sequencing errors, while Deblur uses error profiles to *filter out* erroneous reads."	16S	QIIME2	QIIME Foundations	Denoising & QC	property	
prop_q2_dn_03	What does the acronym 'ASV' stand for?	Amplicon Sequence Variant	Average Sequence Value	Amplified Sample Variant	Aligned Sequence Verification	1	"ASV stands for Amplicon Sequence Variant, representing exact biological sequences resolved after denoising."	16S	QIIME2	QIIME Foundations	Denoising & QC	property	
prop_q2_dn_04	Which artifact contains the count (frequencies) of each feature observed in each sample?	The Representative Sequences	The Feature Table	The Denoising Stats	The Phylogenetic Tree	2	The Feature Table is the matrix containing the abundance data (counts) for every feature in every sample.	16S	QIIME2	QIIME Foundations	Denoising & QC	property	
prop_q2_dn_05	Which artifact contains the actual DNA nucleotide string for each identified feature?	Representative Sequences	Feature Table	Metadata	Taxonomy	1	The Representative Sequences artifact maps the Feature ID to the physical ACGT sequence.	16S	QIIME2	QIIME Foundations	Denoising & QC	property	
prop_q2_dn_06	What is a major disadvantage of Operational Taxonomic Units (OTUs) compared to ASVs?	OTUs are computationally slower to calculate	"OTUs are defined by a consensus of multiple variants (97%), losing specific biological resolution"	OTUs require paired-end data	OTUs cannot be used for diversity analysis	2	"OTUs cluster sequences at 97% similarity, meaning distinct biological variants are lumped together into a single consensus unit."	16S	QIIME2	QIIME Foundations	Denoising & QC	property	
prop_q2_dn_07	Why might the quality scores drop towards the 3' end of an Illumina read?	The DNA degrades over time	De-synchronization (phasing) of the clusters accumulates as the cycle number increases	The camera loses focus	The flow cell runs out of nucleotides	2	"As sequencing cycles progress, more strands in a cluster fall out of sync (phase), creating noise that lowers the quality score."	16S	QIIME2	QIIME Foundations	Denoising & QC	property	
prop_q2_dn_08	The technique used to randomly sub-sample reads from each study sample in order to end up with an equal number of reads per sample is called:	Demultiplexing	Denoising	Rarefaction	Interactive Sampling	3	Rarefaction is the process of subsampling without replacement to normalize library sizes.	16S	QIIME2	QIIME Foundations	Denoising & QC	property	
prop_q2_dn_09	"In the context of the QIIME2 workflow, what step immediately precedes Denoising?"	Demultiplexing	Taxonomy Classification	Phylogeny construction	Diversity Analysis	1	Raw sequences must be Demultiplexed (sorted by sample) before they can be denoised.	16S	QIIME2	QIIME Foundations	Denoising & QC	property	
mile_q2_dn_02	"In QIIME 2, the FeatureTable can be used to define the sampling depth. When calculating diversity metrics, the sampling depth should be set to a level where:"	"Samples with lower numbers of reads are excluded from the analysis, while retaining sufficient samples to study the metadata category of interest"	Samples with too many reads are excluded from the analysis	Excluding all samples that don't apply to the metadata category you are interested in	"Samples will lower number of reads are excluded from the analysis, while also excluding samples containing irrelevant metadata"	1	"It is a trade-off: you want the depth high enough to capture diversity, but low enough that you don't throw away too many low-yield samples."	16S	QIIME2	QIIME Foundations	Denoising & QC	milestone	
mile_q2_dn_08	You are comparing your study to a paper published in 2013 that used 97% OTUs. Can you directly compare your ASVs to their OTUs?	"Yes, they are the same"	"No, OTUs rely on reference databases and thresholds"	"Yes, if you divide by 97"	Only if you use Deblur	2	"OTUs are subject to reference bias and clustering algorithms; ASVs are exact. You cannot directly compare ""fuzzy"" clusters to ""exact"" variants."	16S	QIIME2	QIIME Foundations	Denoising & QC	milestone	
mile_q2_dn_09	You run DADA2 and your `stats.qza` shows you lost 90% of reads at the 'Filtering' step. What is the most likely cause?	You trimmed too much	Your primers were missing	Your `--p-trunc-len` included too much low-quality data	Your taxonomy failed	3	"The initial quality filter drops reads that have too many expected errors. If you don't truncate the 'Red Zone' tail, the error rate is too high."	16S	QIIME2	QIIME Foundations	Denoising & QC	milestone	
survey_q2_dn_01	Which statement best summarizes the shift from OTUs to ASVs in microbiome research?	We moved from exact sequences to clusters	We moved away from using 16S	We moved from 'fuzzy' clusters to 'exact' variants	We stopped using quality control	3	"The field moved to ASVs to gain single-nucleotide resolution and reproducibility, avoiding the arbitrary 97% threshold."	16S	QIIME2	QIIME Foundations	Denoising & QC	survey	
survey_q2_dn_02	Why is the `denoising-stats.qza` file helpful when validating your analysis pipeline?	It provides the taxonomy	It reveals exactly where data loss occurred	It provides the PCoA plot	It lists the samples	2	"It is the diagnostic log. If you lose data, this file tells you why (e.g. I lost 50% to chimeras implies a PCR issue)."	16S	QIIME2	QIIME Foundations	Denoising & QC	survey	
survey_q2_dn_03	You are designing an analysis plan. Why would you use ASVs over OTUs?	To run faster	To use less memory	To avoid using a computer	To detect strain-level variation (1-2 nt)	4	"ASVs capture every high-quality biological variant, whereas OTUs lump highly similar sequences together."	16S	QIIME2	QIIME Foundations	Denoising & QC	survey	
prop_tax_bio_01	What is the primary biological function of a taxonomic classifier in microbiome analysis?	To align sequences to a tree	To remove sequencing errors	To predict taxonomy from sequences	To cluster similar reads	3	The classifier compares anonymous DNA sequences to a reference database to predict their most likely scientific name.	16S	QIIME2	Taxonomic diversity	Taxonomy	property	
prop_tax_bio_02	What does the SILVA database primarily contain?	Metabolic pathway maps	16S rRNA sequences	Whole genome sequences	Protein coding sequences	2	SILVA is a curated repository of ribosomal RNA sequences used as the standard reference for bacterial taxonomy.	16S	QIIME2	Taxonomic diversity	Taxonomy	property	
prop_tax_bio_03	Why are 'Mitochondria' sequences often found in 16S amplicon datasets?	They are viral contaminants	They are rare soil bacteria	They are sequencing artifacts	They share ancestry with bacteria	4	"Mitochondria evolved from free-living bacteria (endosymbiosis) and retain 16S-like genes that universal primers amplify. Remember that there are usually non-bacterial cells taken up alongside bacteria, but most do not have 16S genes. For example, gut microbiome samples will contain many human cells."	16S	QIIME2	Taxonomic diversity	Taxonomy	property	
prop_tax_bio_05	What is a 'Rare Feature' in the context of data filtering?	A feature found in all samples	A feature with very low counts	A feature that is unassigned	A feature that is pathogenic	2	"Rare features (e.g., <0.01% abundance) are often indistinguishable from sequencing noise or cross-contamination."	16S	QIIME2	Taxonomic diversity	Taxonomy	property	
prop_tax_bio_06	Which of these is a valid reason to filter samples based on Metadata?	To remove samples with low diversity	To remove samples with high error rates	To remove samples that are irrelevant to your research question	To remove samples with chimeras	3	Metadata filtering allows you to exclude specific experimental groups (like Controls) to focus on relevant comparisons.	16S	QIIME2	Taxonomic diversity	Taxonomy	property	
prop_tax_bio_07	Does assigning taxonomy change the read counts in your Feature Table?	"Yes, it removes unassigned reads"	"Yes, it merges similar features"	"No, it only adds labels to features"	"Yes, it rarefies the samples"	3	Taxonomy assignment is an annotation step; it links names to Feature IDs but does not alter the quantitative count data.	16S	QIIME2	Taxonomic diversity	Taxonomy	property	
prop_tax_bio_09	What does the label 'Unassigned' usually indicate?	The sequence matches E. coli	The sequence is a chimera	The sequence is a virus	The sequence has no good quality match	4	Unassigned means the classifier could not find a reference sequence similar enough to predict a name with confidence.	16S	QIIME2	Taxonomic diversity	Taxonomy	property	
prop_tax_bio_10	Which file is used to 'Train' the taxonomic classifier?	The Feature Table file	The Reference Database file	The Sample Metadata file	The Phylogeny Tree file	2	The classifier learns patterns from a Reference Database (like SILVA) containing known sequences and their taxonomies. The reference sequences are trimmed to cover the exact same region as your trimmed reads.	16S	QIIME2	Taxonomic diversity	Taxonomy	property	
mile_tax_bio_01	You use V4 primers for PCR but train your classifier on the full-length 16S gene. What is the likely outcome?	Accuracy decreases due to pattern mismatch	Accuracy increases due to more information	The analysis fails to run completely	The result is exactly the same	1	The k-mer profile of a short V4 fragment differs from the full gene; matching short reads to long references reduces precision.	16S	QIIME2	Taxonomic diversity	Taxonomy	milestone	
mile_tax_bio_02	"Your primers have a mismatch with *Species D*. According to the diagram, what is the result?"	*Species D* is classified as *Species A*	*Species D* is detected as 'Unassigned'	*Species D* is not amplified or detected	*Species D* is detected with errors	3	"PCR requires physical primer binding. If the primers do not bind, the organism is invisible to the sequencer."	16S	QIIME2	Taxonomic diversity	Taxonomy	milestone	
mile_tax_bio_03	Why is it good to filter rare ASVs before performing statistical testing?	To reduce the multiple testing correction burden	To remove the mitochondrial contamination	To increase the total number of features	To fix the taxonomic assignment errors	1	"Testing thousands of noisy, rare features makes it statistically harder to find significant differences in the real bacteria."	16S	QIIME2	Taxonomic diversity	Taxonomy	milestone	
mile_tax_bio_04	A sample contains 99% 'Mitochondria' reads. What is one way this will affect the bacterial analysis?	It increases the bacterial read count	It improves the diversity estimate	It drastically reduces useful depth	It has no effect on the analysis	3	"Sequencing space is limited. If 99% of reads are host DNA, you have very few reads left to analyze the actual microbiome."	16S	QIIME2	Taxonomic diversity	Taxonomy	milestone	
mile_tax_bio_05	Why is `extract-reads` preferred over using the full database for training?	It aligns short reads to long references	It matches reference length to read length	It removes all chimeras from the database	It adds diversity to the reference set	2	"Training on the exact amplicon region ensures the reference k-mers match the biological k-mers, improving accuracy."	16S	QIIME2	Taxonomic diversity	Taxonomy	milestone	
mile_tax_bio_06	You find 'Chloroplast' sequences in a human gut sample. What is the source?	It is a pathogen	It is dietary DNA	It is a virus	It is human DNA	2	"Chloroplasts come from plants. In gut studies, they typically represent the vegetables the subject ate, not their flora."	16S	QIIME2	Taxonomic diversity	Taxonomy	milestone	
mile_tax_bio_07	"What does an empty taxonomic rank (e.g., `p__Proteobacteria; c__;`) imply?"	The sequence matches a new phylum	The database contains an error	The confidence was too low to assign Class	The sequence is definitely a chimera	3	"The classifier stops assigning names when it is no longer confident, meaning the sequence is too generic or noisy."	16S	QIIME2	Taxonomic diversity	Taxonomy	milestone	
mile_tax_bio_08	How should the 'Truncation Length' for the classifier compare to your data?	It should be much shorter than your reads	It should be much longer than your reads	It should match the biological read length	It does not matter for classification	3	The reference sequences should mimic the physical reads to ensure the k-mer patterns are comparable.	16S	QIIME2	Taxonomic diversity	Taxonomy	milestone	
mile_tax_bio_09	Why might a valid biological sequence be labeled 'Unassigned'?	It is a known pathogen	It is a primer dimer	It is a sequencing error	It represents a novel microbe	4	"Databases are incomplete. 'Unassigned' often represents ""Microbial Dark Matter""â€”organisms not yet cataloged by science."	16S	QIIME2	Taxonomic diversity	Taxonomy	milestone	
mile_tax_bio_10	What bias is introduced if you do not remove Mitochondria?	It skews relative abundance profiles	It creates false diversity	It removes rare taxa	It causes Phasing	1	"Relative abundance sums to 100%. If 50% is Mitochondria, the abundance of all real bacteria is artificially compressed."	16S	QIIME2	Taxonomic diversity	Taxonomy	milestone	
survey_tax_bio_01	What is the correct order for preparing a classifier?	Train model -> Extract 16S region -> Import database	Extract 16S region -> Import database -> Train model 	Import database -> Extract 16S region -> Train model	Import database -> Train model -> Extract 16S region	3	"You must Import the database, Extract the amplicon region (PCR sim), and then Train the model on those fragments."	16S	QIIME2	Taxonomic diversity	Taxonomy	survey	
survey_tax_bio_03	"If you change PCR primers, what must you do to the classifier?"	"Nothing, it is universal"	Use a different database	Re-train on new primers	Rename the old classifier	3	Classifiers are region-specific. A V4 classifier cannot recognize V1-V3 sequences because the patterns differ.	16S	QIIME2	Taxonomic diversity	Taxonomy	survey	
survey_tax_bio_04	What is the main risk of keeping 'rare features' in your data?	The file size is too big	They inflate diversity metrics	They reduce the read count	They cause taxonomy errors	2	Diversity metrics count every unique feature. Keeping noise (rare errors) creates a falsely high estimate of richness.	16S	QIIME2	Taxonomic diversity	Taxonomy	survey	
prop_tax_q2_02	What is the primary output artifact of the `classify-sklearn` command?	A visualization (`.qzv`) of the barplots	A new Feature Table with taxonomy added	A Taxonomy artifact (`taxonomy.qza`) linking Feature IDs to taxonomic names	A phylogenetic tree	3	The classifier produces a specific `FeatureData[Taxonomy]` artifact (`taxonomy.qza`) that maps each feature hash to a taxonomic string.	16S	QIIME2	Taxonomic diversity	QIIME analysis	property	
prop_tax_q2_03	"To create a visual Taxa Barplot, which two artifacts (files) MUST be provided as inputs?"	Feature Table and Taxonomy	Representative Sequences and Taxonomy	Feature Table and Tree	Metadata and Taxonomy	1	The visualization needs the counts (`table.qza`) to determine bar height and the labels (`taxonomy.qza`) to color-code the segments.	16S	QIIME2	Taxonomic diversity	QIIME analysis	property	
prop_tax_q2_04	What does the command `qiime metadata tabulate` do with the `taxonomy.qza` file?	It filters the taxonomy	It converts it into an interactive visualization (`.qzv`) that can be viewed	It trains the classifier	It merges it with the table	2	This command is used to turn the raw data artifact into a human-readable table (visualization) for inspection.	16S	QIIME2	Taxonomic diversity	QIIME analysis	property	
prop_tax_q2_05	"In the `qiime taxa filter-table` command, what does the parameter `--p-exclude` do?"	It keeps only the taxa that match the term	It removes any feature whose taxonomic annotation contains the specified term	It renames the taxa	It filters based on sample metadata	2	"The `--p-exclude` flag is used to remove unwanted groups, such as ""mitochondria"" or ""chloroplast"", from the feature table."	16S	QIIME2	Taxonomic diversity	QIIME analysis	property	
prop_tax_q2_06	What is the purpose of filtering features based on 'Minimum Frequency' (e.g. < 8 reads)?	To remove samples with low depth	To remove rare ASVs that are likely sequencing errors or non-informative	To remove mitochondria	To remove unassigned taxa	2	Rare features (low total frequency) are often noise; removing them cleans the dataset without losing significant biological information.	16S	QIIME2	Taxonomic diversity	QIIME analysis	property	
prop_tax_q2_07	"Which command is used to filter samples based on metadata criteria (e.g., keeping only 'subject-1')?"	qiime feature-table filter-features	qiime taxa filter-table	qiime feature-table filter-samples	qiime metadata tabulate	3	The `filter-samples` action is specifically designed to subset the table based on conditions found in the metadata file.	16S	QIIME2	Taxonomic diversity	QIIME analysis	property	
prop_tax_q2_08	"In the filtering example `[subject]='subject-1'`, what does the syntax `[subject]` represent?"	The value to search for	The column header in the metadata file	The name of the feature	The output filename	2	"In QIIME 2 SQL-like syntax, column names from the metadata file are enclosed in square brackets."	16S	QIIME2	Taxonomic diversity	QIIME analysis	property	
prop_tax_q2_10	Why might you need to supply a `metadata.txt` file when generating a Taxa Barplot?	To determine the colors of the bars	To allow sorting and grouping of samples by experimental categories in the visualization	To filter the data	To name the output file	2	The metadata file allows the visualizer to group samples (e.g. by 'Treatment') rather than just listing them alphabetically.	16S	QIIME2	Taxonomic diversity	QIIME analysis	property	
mile_tax_q2_01	"You run `classify-sklearn` but get an ""invalid input"" error. You used `--i-reads table.qza`. Why did it fail?"	"The command requires the Metadata file, not the Table"	The command requires the Tree artifact	The file extension should be .qzv	The command requires the Representative Sequences file (rep-seqs.qza).	4	"The classifier works on DNA sequences. The Feature Table only contains counts and Feature IDs, not the actual ACGT strings needed for matching."	16S	QIIME2	Taxonomic diversity	QIIME analysis	milestone	
mile_tax_q2_02	"In the `filter-features` command, you set `--p-min-frequency 8`. What exactly does this filter remove?"	Any feature (ASV) appearing fewer than 8 times total	Any sample with fewer than 8 reads total	Any feature that appears in fewer than 8 samples	Any feature that is not a bacteria	1	"Min-frequency refers to the *total count* of that feature summed across all samples; if sum < 8, the feature is dropped."	16S	QIIME2	Taxonomic diversity	QIIME analysis	milestone	
mile_tax_q2_03	"You used `qiime taxa filter-table --p-include mitochondria` to remove mitochondria, but the output only contains mitochondria. Why?"	The command is broken	The database only has mitochondria	You should have used `--p-exclude` instead	You misspelled mitochondria	3	"`--p-include` *keeps* only what matches (i.e., you threw away everything *except* mitochondria). `--p-exclude` removes matches."	16S	QIIME2	Taxonomic diversity	QIIME analysis	milestone	
mile_tax_q2_04	You want to filter your data using QIIME2 to keep only samples from the 'gut'. What is the correct `--p-where` syntax? (Refer to the 'Metadata-based filtering' slide for more info)	`BodySite='gut'`	"`""[BodySite]='gut'""`"	"`""BodySite""='gut'`"	`--p-include gut`	2	"The correct syntax requires double quotes around the whole expression and square brackets around the column name: `""[BodySite]='gut'""`."	16S	QIIME2	Taxonomic diversity	QIIME analysis	milestone	
mile_tax_q2_05	"Why is it best to remove samples with low read counts AFTER filtering features (e.g., mitochondria)?"	Feature filtering does not affect sample counts	You should filter samples first	It makes the file larger	Feature filtering can leave some samples empty	4	Removing abundant features (like host DNA) can leave some samples empty. You need to clean up these empty/low-count samples before diversity analysis.	16S	QIIME2	Taxonomic diversity	QIIME analysis	milestone	
mile_tax_q2_06	"In the `taxa barplot` function, what is the purpose of `--o-visualization`?"	It specifies the name of the output file	It specifies the input table	It specifies the metadata	It runs the command	1	The `--o-` flag always designates the Output filename (destination) for the result of the command.	16S	QIIME2	Taxonomic diversity	QIIME analysis	milestone	
mile_tax_q2_07	You trained a classifier on 150bp fragments but denoised your data at 250bp. Why might classification accuracy be poor?	The database is wrong	The primers are wrong	The classifier learned shorter patterns than the data contains	The classifier is too accurate	3	"The reference sequences should match the length of your query sequences. Training on 150bp means the classifier ""learned"" shorter patterns than it is seeing in your 250bp data."	16S	QIIME2	Taxonomic diversity	QIIME analysis	milestone	
mile_tax_q2_09	"If you have a 'Taxonomy' artifact (`taxonomy.qza`) but no 'Feature Table', can you generate a Barplot?"	"Yes, if you have metadata"	"No, you need the tree"	"No, you need the Table to provide the counts"	"Yes, the taxonomy is sufficient"	3	"A list of names (Taxonomy) tells you *what* is there, but without the Table, you don't know *how much* of it is there to draw the bars."	16S	QIIME2	Taxonomic diversity	QIIME analysis	milestone	
mile_tax_q2_10	"When filtering features, why is a percentage threshold (e.g. <0.01%) often preferred over a hard count?"	It removes more data	It keeps more data	It accounts for differences in total sequencing depth	It is harder to calculate	3	A count of 10 is negligible in a dataset with 100 million reads but significant in one with 1000 reads. Percentages scale with depth.	16S	QIIME2	Taxonomic diversity	QIIME analysis	milestone	
survey_tax_q2_01	You are writing a script to automate taxonomy assignment. Which order of commands is logical?	`fit-classifier` -> `classify-sklearn` -> `extract-reads`	`extract-reads` -> `fit-classifier` -> `classify-sklearn`	`classify-sklearn` -> `fit-classifier` -> `extract-reads`	`taxa barplot` -> `classify-sklearn` -> `extract-reads`	2	"You prepare the reference (extract), train the model (fit), and then apply it to data (classify)."	16S	QIIME2	Taxonomic diversity	QIIME analysis	survey	
survey_tax_q2_02	Why do we visualize `taxonomy.qza` using `metadata tabulate` instead of just opening the file?	It aligns the sequences	It removes errors	It is faster	`.qza` files are binary archives not readable by text editors	4	"QIIME 2 artifacts are compressed data containers. You cannot ""read"" them directly without a tool or interface (like `view.qiime2.org`)."	16S	QIIME2	Taxonomic diversity	QIIME analysis	survey	
survey_tax_q2_04	How does the `--p-where` parameter in `filter-samples` enhance analysis flexibility?	It allows filtering by sequence length	It allows filtering by quality score	It allows subsetting using logical metadata expressions	It allows filtering by taxonomy	3	"This parameter brings SQL-like querying power to your data management, enabling complex experimental design comparisons."	16S	QIIME2	Taxonomic diversity	QIIME analysis	survey	
survey_tax_q2_05	What is the consequence of failing to provide the `--m-metadata-file` to `qiime taxa barplot`?	The command will fail	"The plot creates a flat list, not sorted by group"	The plot will be black and white	The taxonomy will be wrong	2	"The plot needs the metadata to know that ""Sample1"" belongs to ""Group A"". Without it, you just get a flat list of sample names."	16S	QIIME2	Taxonomic diversity	QIIME analysis	survey	
prop_div_bio_01	What is the fundamental definition of Alpha Diversity?	The variation of microbes within a single sample	The variation of microbes between different samples	The total number of sequences in a run	The phylogenetic distance between two species	1	Alpha diversity measures the local diversity (richness and evenness) contained within a single ecosystem or sample.	16S	QIIME2	Diversity metric	Diversity	property	
prop_div_bio_02	What does 'Richness' specifically measure in a microbial community?	The uniformity of species distribution	The count of distinct species present	The phylogenetic relatedness of taxa	The total number of reads sequenced	2	"Richness is a count of ""how many"" unique entities (species/ASVs) are present, disregarding their abundance."	16S	QIIME2	Diversity metric	Diversity	property	
prop_div_bio_03	Which metric quantifies how uniformly species are distributed in a community?	Observed Features	Phylogenetic Diversity	Pielou's Evenness	Jaccard Distance	3	"Evenness (e.g., Pielou's) measures whether the community is dominated by a few species or if all species have similar abundances."	16S	QIIME2	Diversity metric	Diversity	property	
prop_div_bio_04	What does the Jaccard distance metric measure?	Dissimilarity based on abundance	Dissimilarity based on phylogeny	Dissimilarity based on presence/absence	Similarity based on shared DNA	3	"Jaccard is a qualitative metric that only asks ""Do they share the same species?"", ignoring how many of each are present."	16S	QIIME2	Diversity metric	Diversity	property	
prop_div_bio_05	How does Weighted UniFrac differ from Unweighted UniFrac?	Unweighted uses phylogeny; Weighted does not	Weighted uses abundance; Unweighted does not	Weighted uses a tree; Unweighted does not	Unweighted uses counts; Weighted does not	2	"Weighted UniFrac accounts for the relative abundance of organisms, giving less weight to rare taxa compared to Unweighted UniFrac."	16S	QIIME2	Diversity metric	Diversity	property	
prop_div_bio_06	What does a Principal Coordinate Analysis (PCoA) plot represent?	A visualization of Alpha diversity	A phylogenetic tree of all species	A bar chart of the most abundant taxa	A 2D summary of sample dissimilarity	4	PCoA takes a complex distance matrix and projects it into fewer dimensions so that samples with similar compositions cluster together.	16S	QIIME2	Diversity metric	Diversity	property	
prop_div_bio_07	What is the purpose of 'Rarefaction' in diversity analysis?	To filter out chimeric sequences	To normalize sequencing depth	To assign taxonomy to sequences	To create a phylogenetic tree	2	Rarefaction randomly subsamples reads to a defined depth to ensure that differences in library size do not bias diversity estimates.	16S	QIIME2	Diversity metric	Diversity	property	
prop_div_bio_08	"In a boxplot, what does the 'Interquartile Range' (IQR) represent?"	The full range of the data	The difference between min and max	The middle 50% of the data distribution	The average value of the dataset	3	"The box in a boxplot spans the IQR, showing where the bulk of the data distribution lies, between the first and third quartiles."	16S	QIIME2	Diversity metric	Diversity	property	
prop_div_bio_09	Which Alpha diversity metric incorporates phylogenetic relationships?	Faith's Phylogenetic Diversity	Shannon's Diversity Index	Observed Features	Pielou's Evenness	1	"Faith's PD sums the branch lengths of the phylogenetic tree connecting all species in a sample, capturing evolutionary diversity."	16S	QIIME2	Diversity metric	Diversity	property	
prop_div_bio_10	What does 'Sequencing Depth' refer to?	The length of the DNA fragment	The number of species found in a sample	The number of reads designated for rarefaction	The total count of reads sequenced per sample	4	"Sequencing depth is the raw ""library size"" or total count of reads generated by the machine for a specific sample."	16S	QIIME2	Diversity metric	Diversity	property	
mile_div_bio_01	"Compare Community A (5 species, equal abundance) and Community B (5 species, dominated by one). Which statement is true?"	Community A has higher richness than Community B	Community B has higher evenness than Community A	Community A is more diverse due to higher evenness	Community B is more diverse due to dominant species	3	"While Richness is identical (5 species), Community A is ecologically more diverse because its Evenness is higher."	16S	QIIME2	Diversity metric	Diversity	milestone	
mile_div_bio_02	Why is 'Observed Features' a poor metric for distinguishing communities with different evolutionary histories?	It is too sensitive to evenness	It requires a phylogenetic tree	It cannot handle large datasets	It treats all species as equally distinct	4	"Observed Features is just a count; it sees ""E. coli vs Salmonella"" (close relatives) as equally distinct as ""E. coli vs Fungus"" (distant)."	16S	QIIME2	Diversity metric	Diversity	milestone	
mile_div_bio_03	What does it mean when the alpha rarefaction curve plateaus (flattens out)?	You have sequenced enough to capture most diversity	You have not sequenced enough to capture diversity	The sample has very low quality scores	The sample contains no bacterial DNA	1	A plateau indicates saturation: further sampling (sequencing) is just re-observing the same species over and over.	16S	QIIME2	Diversity metric	Diversity	milestone	
mile_div_bio_04	You want to determine if communities differ specifically by the presence of *rare* taxa. Which metric is best?	Weighted UniFrac	Bray-Curtis	Unweighted UniFrac	Shannon Index	3	"Unweighted UniFrac ignores abundance, so a rare species (count=1) has the same weight as a dominant one, highlighting presence/absence shifts."	16S	QIIME2	Diversity metric	Diversity	milestone	
mile_div_bio_05	"In a PCoA plot, what does 'PC1 (57%)' tell you compared to 'PC2 (12%)'?"	Axis 2 is more important for clustering	Axis 1 explains most of the variation	Both axes are equally important	The percentages represent error rates	2	"The first principal coordinate (PC1) always captures the largest possible variance in the data, making it the most critical axis for interpretation."	16S	QIIME2	Diversity metric	Diversity	milestone	
mile_div_bio_06	"If you set your Rarefaction 'Sampling Depth' too low (e.g., 100 reads), what is the risk?"	You will retain too many samples	You will increase the diversity artificially	You will improve the statistical power	You will lose biological resolution	4	"Low sampling depth standardizes the data but throws away the vast majority of your information, causing you to miss distinct features."	16S	QIIME2	Diversity metric	Diversity	milestone	
mile_div_bio_07	Why do we use a 'q-value' (FDR) instead of a raw 'p-value' in microbiome studies?	To correct for multiple comparisons	To make the results significant	To ignore the sample size	To account for phylogeny	1	"When testing thousands of bacterial species, a standard p-value of 0.05 would result in many random false positives by chance alone."	16S	QIIME2	Diversity metric	Diversity	milestone	
mile_div_bio_10	Why might 'Shannon Diversity' be low even if 'Observed Features' (Richness) is high?	Because the phylogeny is diverse	Because the sample size is small	Because the community is very even	Because the community is uneven	4	"Shannon accounts for evenness. A community with 100 species is not ""diverse"" in the Shannon sense if 99% of reads belong to just 1 species."	16S	QIIME2	Diversity metric	Diversity	milestone	
survey_div_bio_01	Community A is 50% X / 50% Y. Community B is 99% X / 1% Y. Which metric shows them as VERY different?	Unweighted UniFrac	Jaccard Index	Weighted UniFrac	Observed Features	3	"Weighted UniFrac accounts for abundance. Jaccard and Unweighted UniFrac would see them as identical (same species list), but Weighted captures the massive shift in dominance."	16S	QIIME2	Diversity metric	Diversity	survey	
survey_div_bio_02	"If your alpha rarefaction curve continues to rise steeply at max sequencing depth, what is the conclusion?"	The community is simple and deeply sequenced	The sequencing run failed completely	The sample is empty of bacteria	The community is undersampled	4	A rising curve means you are still discovering new features with every new read; the true richness of the environment is unknown and under-sampled.	16S	QIIME2	Diversity metric	Diversity	survey	
survey_div_bio_03	"In a PCoA plot, samples from 'Subject 1' cluster tightly, far away from 'Subject 2'. What does this mean?"	Subject 1 has lower alpha diversity	Subject 1 has more DNA than Subject 2	Subject 1 is distinct from Subject 2	Subject 1 has lower beta diversity than Subject 2	3	"In Beta diversity ordination, distance equals dissimilarity. Large distance between clusters means the communities are compositionally different. In a PCoA plot, there is no 'lower' or 'higher' - just more and less similar."	16S	QIIME2	Diversity metric	Diversity	survey	
survey_div_bio_04	Why is the 'q-value' (FDR) often more relevant than the raw 'p-value' in diversity analysis?	It corrects for multiple testing errors	It is easier to calculate manually	It is always smaller than the p-value	It ignores the sample size	1	"In microbiome datasets with many taxa or groups, a raw p-value yields many false positives. The q-value adjusts for this 'Multiple Testing' problem."	16S	QIIME2	Diversity metric	Diversity	survey	
survey_div_bio_05	"To measure Alpha Diversity while accounting for evolutionary relatedness, which metric must you use?"	Shannon Index	Observed Features	Faith's Phylogenetic Diversity	Pielou's Evenness	3	"Faith's PD is the only common Alpha metric that uses the phylogenetic tree to sum branch lengths, capturing evolutionary richness."	16S	QIIME2	Diversity metric	Diversity	survey	
prop_div_q2_01	Which QIIME 2 command runs a complete pipeline to generate multiple alpha and beta diversity metrics at once?	qiime diversity alpha-rarefaction	qiime diversity alpha-group-significance	qiime diversity core-metrics-phylogenetic	qiime diversity beta-group-significance	3	"`core-metrics-phylogenetic` is a pipeline that calculates Faith's PD, Shannon, Evenness, Jaccard, Bray-Curtis, and UniFrac all in one step."	16S	QIIME2	Diversity metric	QIIME application	property	
prop_div_q2_02	What critical parameter must be set in the diversity metric function `core-metrics-phylogenetic` to handle uneven sequencing depths?	#NAME?	#NAME?	#NAME?	#NAME?	1	"The `--p-sampling-depth` parameter sets the rarefaction level, ensuring all samples are subsampled to the same number of reads for fair comparison."	16S	QIIME2	Diversity metric	QIIME application	property	
prop_div_q2_03	Which specific artifact is required as input to calculate UniFrac distances but not Bray-Curtis?	The Feature Table	The Sample Metadata	The Taxonomy	The Rooted Phylogeny	4	UniFrac metrics are phylogenetic; they require a `rooted-tree.qza` to calculate the evolutionary distance between communities.	16S	QIIME2	Diversity metric	QIIME application	property	
prop_div_q2_04	What is the file format of the interactive 3D PCoA plots generated by QIIME 2?	.qza (Artifact)	.qzv (Emperor Visualization)	.txt (Text file)	.png (Image file)	2	"PCoA plots are output as Emperor visualizations (`.qzv`), which are interactive 3D plots viewable in the browser."	16S	QIIME2	Diversity metric	QIIME application	property	
prop_div_q2_05	"Which command allows you to test for statistical differences in Alpha Diversity between groups (e.g., Treatment vs Control)?"	qiime diversity beta-group-significance	qiime diversity core-metrics	qiime diversity alpha-group-significance	qiime diversity alpha-rarefaction	3	`alpha-group-significance` performs univariate statistical tests (like Kruskal-Wallis) to compare alpha diversity values across metadata categories.	16S	QIIME2	Diversity metric	QIIME application	property	
prop_div_q2_06	What is the primary visual output of the `qiime diversity alpha-rarefaction` command?	A curve showing diversity vs. sequencing depth	A 3D scatter plot	A heatmap	A boxplot	1	This command produces rarefaction curves that help you determine if you have sequenced deeply enough to capture the community's richness.	16S	QIIME2	Diversity metric	QIIME application	property	
prop_div_q2_07	"In the context of `beta-group-significance`, which statistical test is commonly used to compare distances between groups?"	T-test	Kruskal-Wallis	ANOVA	PERMANOVA	4	PERMANOVA is the standard non-parametric test used to determine if the centroids of clusters in beta diversity space are significantly different.	16S	QIIME2	Diversity metric	QIIME application	property	
prop_div_q2_08	"If you want to view a PCoA plot coloured by 'BodySite', which file must you provide to the Emperor tool?"	The Feature Table	The Sample Metadata	The Phylogenetic Tree	The Taxonomy	2	"The metadata file maps Sample IDs to categories like 'BodySite', allowing Emperor to color-code the dots in the 3D plot."	16S	QIIME2	Diversity metric	QIIME application	property	
prop_div_q2_09	"When calculating diversity metrics, what happens to samples that have fewer reads than the value defined in `--p-sampling-depth`?"	They are dropped from the analysis	They are kept as is	They are normalized	They are up-sampled	1	Any sample with a total read count lower than the rarefaction threshold is automatically discarded by the analysis pipeline.	16S	QIIME2	Diversity metric	QIIME application	property	
prop_div_q2_10	Which output artifact from `core-metrics` contains the vector of Shannon Index values for each sample?	shannon_matrix.qza	shannon_table.qza	shannon_plot.qzv	shannon_vector.qza	4	"Alpha diversity results are stored as ""vectors"" (a list of values, one per sample), such as `shannon_vector.qza`."	16S	QIIME2	Diversity metric	QIIME application	property	
mile_div_q2_01	"You inspect `demux.qzv` and see read counts from 1,000 to 100,000. If you set `--p-sampling-depth 50,000` while calculating diversity metrics, what is the outcome?"	"You keep all samples and normalize them to 50,000"	You increase the diversity of the low-count samples	"You lose all samples with fewer than 50,000 reads, discarding data"	The command fails because of the discrepancy	3	"Setting the depth too high causes massive data loss; any sample with fewer than 50,000 reads is immediately dropped from the study."	16S	QIIME2	Diversity metric	QIIME application	milestone	
mile_div_q2_02	"You try to run `core-metrics-phylogenetic` but receive an error saying ""rooted-tree.qza was not provided"". Which metrics will fail to calculate?"	Faith's PD and UniFrac	Shannon and Bray-Curtis	Jaccard and Observed Features	Evenness and Jaccard	1	Faith's PD (Alpha) and UniFrac (Beta) are the only metrics in the standard suite that strictly rely on phylogenetic branch lengths.	16S	QIIME2	Diversity metric	QIIME application	milestone	
mile_div_q2_03	"Why does `core-metrics-phylogenetic` produce multiple ""Distance Matrix"" artifacts (e.g., Jaccard, Bray-Curtis)?"	To create a heatmap visualization	Because the command failed to converge	Because they are intermediate files	To allow you to choose the best one for PCoA visualization	4	Different metrics measure biological dissimilarity differently. QIIME 2 computes them all so you can visualize the one that fits your biological question.	16S	QIIME2	Diversity metric	QIIME application	milestone	
mile_div_q2_04	"When interpreting `alpha-group-significance` results, you see a Kruskal-Wallis p-value of 0.04 and a q-value of 0.25. What should you conclude?"	The result is significant	"The result is likely a false positive, identified by p value correction"	The result is invalid	The sequencing depth was too low	2	"The q-value is the FDR-corrected p-value. A high q-value (>0.05) suggests the ""significant"" p-value might just be random chance due to many tests."	16S	QIIME2	Diversity metric	QIIME application	milestone	
mile_div_q2_05	"In an Emperor PCoA plot, your samples form two clusters. You toggle 'Color by' to 'AntibioticUsage' and the clusters become distinctly Red vs Blue. What does this suggest?"	Antibiotic usage is a strong driver of community composition	Antibiotic usage has no effect on beta diversity	Antibiotic usage changes alpha diversity only	The plot is displaying a calculation error	1	Perfect separation of colors confirms that the metadata variable (Antibiotics) correlates strongly with the beta diversity separation (PC1/PC2).	16S	QIIME2	Diversity metric	QIIME application	milestone	
mile_div_q2_06	"If you want to create a Rarefaction Curve, why do you specify `--p-max-depth` instead of a single sampling depth?"	To filter the table based on max frequency	"To set the upper limit, allowing QIIME to compute steps up to that point"	To limit the file size of the output	To remove outliers from the calculation	2	The curve needs multiple points. QIIME 2 automatically calculates diversity at 10 steps between 1 and your chosen max depth to draw the line.	16S	QIIME2	Diversity metric	QIIME application	milestone	
mile_div_q2_07	"You receive a ""Memory Error"" when viewing a large Emperor plot. What is a likely cause and solution?"	The metadata is missing; add a file	The colors are wrong; change the map	The dataset is too large; subsample the data	The tree is unrooted; root the tree	3	"Emperor plots render thousands of data points in the browser. Massive datasets can exhaust your browser's RAM, requiring subsampling."	16S	QIIME2	Diversity metric	QIIME application	milestone	
mile_div_q2_08	Why is the `rooted-tree.qza` required for `core-metrics` even if you only care about Bray-Curtis (non-phylogenetic)?	It is required for rarefaction steps	It isn't required; you can omit this input if unnecessary	It allows for better coloring of plots	It is used for the PCoA calculation	2	"If you don't provide the tree, the command simply skips the phylogenetic metrics (Faith's/UniFrac) and calculates the others."	16S	QIIME2	Diversity metric	QIIME application	milestone	
mile_div_q2_09	Your PERMANOVA test (`beta-group-significance`) returns a pseudo-F statistic of 45.0 and a p-value of 0.001. How do you interpret the F-statistic?	It is the number of samples in the test	It is the probability of a false positive	It indicates a large effect size with strong separation	It is the diversity score of the group	3	"The p-value tells you ""if"" it is different; the F-statistic tells you ""how much"". High F implies strong separation between groups."	16S	QIIME2	Diversity metric	QIIME application	milestone	
mile_div_q2_10	You want to compare Alpha Diversity between 'Male' and 'Female' using the metadata column `Sex`. What command do you run?	`qiime diversity beta-group-significance --m-column Sex`	`qiime diversity alpha-group-significance --m-metadata-column Sex`	`qiime diversity core-metrics --p-sex male`	`qiime taxa barplot --m-metadata-column Sex`	2	You must specify the metadata file and the specific column (`Sex`) you want to test against the diversity vector.	16S	QIIME2	Diversity metric	QIIME application	milestone	
survey_div_q2_01	"In QIIME2, why is the `core-metrics-phylogenetic` pipeline preferred over running `alpha`, `beta`, and `pcoa` commands individually?"	It ensures all metrics use the exact same rarefied table for consistency	It is more accurate than running them separately	It allows for different depths per metric	It uses a better tree for calculation	1	Running one pipeline guarantees that every single metric (Alpha and Beta) is calculated from the exact same randomly subsampled dataset.	16S	QIIME2	Diversity metric	QIIME application	survey	
survey_div_q2_02	"If the rarefaction curve for 'Group A' allow you to plot a higher max depth than for 'Group B', what does this imply?"	Group A is more diverse than Group B	Group B is contaminated with host DNA	The rarefaction calculation failed	Group A was sequenced more deeply than Group B	4	"The x-axis represents sequencing depth. If Group A's line goes further to the right, those samples simply had more reads available."	16S	QIIME2	Diversity metric	QIIME application	survey	
survey_div_q2_03	You are advising a student who wants to exclude samples with < 1000 reads *before* diversity analysis. How do you do this in QIIME 2?	Use `qiime feature-table filter-samples` with `--p-min-frequency 1000`	Use `core-metrics` with `--p-sampling-depth 1000`	Use `taxa filter-table` to remove low counts	Delete the samples manually from the folder	1	"While `core-metrics` drops low-read samples automatically, explicitly filtering the table first is a cleaner way to create a robust dataset for analysis."	16S	QIIME2	Diversity metric	QIIME application	survey	
survey_div_q2_05	"Why is it important to use a ""Sample Metadata"" file when running `alpha-group-significance`?"	To set the colors of the boxplots	The command uses the metadata groups to perform the statistical test	To name the output visualization	To filter the table before testing	2	The command cannot guess your experimental design. The metadata file tells it which samples belong to which group for statistical comparison.	16S	QIIME2	Diversity metric	QIIME application	survey	
conf_01	I am confident in my ability to explain the Illumina sequencing workflow.	-	-	-	-	-	-	16S	QIIME2	NA	NA	confidence	
conf_02	I am confident in my ability to run QIIME 2 commands for importing and denoising.	-	-	-	-	-	-	16S	QIIME2	NA	NA	confidence	
conf_03	I am confident in my ability to interpret taxonomic barplots and diversity plots.	-	-	-	-	-	-	16S	QIIME2	NA	NA	confidence	
core_unix_01	Which character sequence represents the 'parent directory' (one level up) in a file path?	`/`	`~`	`..`	`.`	3	"In UNIX navigation, `..` always refers to the directory immediately above your current location, while `.` refers to the current directory."	16S	QIIME2	Core	UNIX	core	
core_unix_02	What is the defining feature of an 'Absolute Path' compared to a 'Relative Path'?	It starts with a forward slash `/` (root directory)	It starts with the current directory	It is shorter to type	It contains no spaces	1	"An absolute path (e.g., `/home/user/data`) defines the full location from the system's root directory `/`, whereas a relative path starts from where you are currently standing."	16S	QIIME2	Core	UNIX	core	
core_unix_03	You are typing a long file name. Which key can you press to auto-complete the name after typing the first few letters?	Enter	Tab	Space	Ctrl+C	2	Tab completion is a critical shell shortcut that saves time and prevents typos by automatically filling in file paths that match what you've typed.	16S	QIIME2	Core	UNIX	core	
core_unix_04	You want to verify which directory you are currently working in. Which command prints the 'Present Working Directory'?	`getwd`	`ls`	`cd`	`pwd`	4	`pwd` (Print Working Directory) outputs the full absolute path of your current location in the file system.	16S	QIIME2	Core	UNIX	core	
core_unix_05	"What is the effect of putting a space in a filename (e.g., `my data.fastq`) without quoting it?"	The shell interprets it as two separate arguments (`my` and `data.fastq`)	It works perfectly fine	It deletes the file	It creates a directory	1	"Spaces are delimiters in UNIX. To use a file with a space, you must escape it (`my\ data.fastq`) or quote it (`""my data.fastq""`)."	16S	QIIME2	Core	UNIX	core	
core_unix_06	You see a file path listed as `~`. What does the tilde `~` symbol represent?	The root directory	The user's home directory	The temporary directory	The trash directory	2	"The tilde `~` is a shorthand alias for the current user's home folder (e.g., `/home/student/`)."	16S	QIIME2	Core	UNIX	core	
core_unix_07	Which command is used to list the contents (files and folders) of the current directory?	`show`	`ls`	`open`	`view`	2	`ls` (LiSt) is the standard command to display the contents of a directory.	16S	QIIME2	Core	UNIX	core	
core_unix_08	You typed a complex command incorrectly. How can you quickly retrieve the previous command from your history to edit it?	Press the Up Arrow key	Press Ctrl+Z	Press the Down Arrow key	Type `history -1`	1	"The Up Arrow key cycles backward through your command history, allowing you to recall and fix mistakes without retyping the whole line."	16S	QIIME2	Core	UNIX	core	
core_unix_09	What does the backslash `\` character do when placed at the very end of a command line?	It executes the command immediately	It deletes the previous word	"It acts as a line continuation, telling the shell the command continues on the next line"	It cancels the command	3	"The backslash escapes the ""Enter"" key (newline), allowing you to break a long command into multiple readable lines."	16S	QIIME2	Core	UNIX	core	
core_unix_10	"You try to run `QIIME` but get ""command not found"". You know it is installed. What is the likely cause of the error?"	You need to restart the computer	"UNIX is case-sensitive, and the command is lowercase `qiime`"	You are in the wrong folder	You need to type `run QIIME`	2	"Unlike Windows, UNIX commands are strictly case-sensitive. `QIIME` is not the same as `qiime`."	16S	QIIME2	Core	UNIX	core	
core_unix_11	"What is the wildcard character used to select ""all files"" matching a pattern (e.g., all files ending in .fastq)?"	`?`	`#`	`*`	`@`	3	"The asterisk `*` is the wildcard that matches any string of characters, so `*.fastq` selects every file ending with that extension."	16S	QIIME2	Core	UNIX	core	
core_unix_12	You want to organize your files. Which command creates a new directory (folder)?	`newdir`	`mkdir`	`touch`	`rm`	2	`mkdir` (MaKe DIRectory) is the command used to generate new folder structures in the file system.	16S	QIIME2	Core	UNIX	core	
core_unix_14	"If you run a command and receive ""File not found"", but you can see the input file in your file browser, what is the most common mistake?"	The file is locked	The file path to the input file is incorrect	The file is corrupt	The internet is down	2	"Commands look in the `pwd` (current directory). If the file is elsewhere, you must provide the path or `cd` to that directory first."	16S	QIIME2	Core	UNIX	core	
core_unix_15	"How do you navigate ""down"" into a subfolder named `data`?"	`cd ..`	`ls data`	`go data`	`cd data`	4	`cd` (Change Directory) followed by the folder name moves your context into that folder.	16S	QIIME2	Core	UNIX	core	
core_unix_16	What visual cue does the terminal provide to indicate a command is still running and has not crashed?	"The prompt `$` or `>` does not reappear, and the cursor may blink"	The screen turns blue	"It prints ""Done"" immediately"	It makes a beeping sound	1	"As long as the command prompt (usually ending in `$`) hasn't returned, the foreground process is still active and working."	16S	QIIME2	Core	UNIX	core	
core_unix_18	What is the general difference between a flag with one dash `-i` and two dashes `--input`?	"One dash is for outputs, two for inputs"	"One dash is for short-form (single letter), two dashes are for long-form (full word)"	"One dash is optional, two are mandatory"	There is no difference	2	"By convention, single-letter aliases use `-` (e.g., `-h`), while full-word options use `--` (e.g., `--help`)."	16S	QIIME2	Core	UNIX	core	
core_unix_19	You want to read the help manual for the `mkdir` command. What would you type?	`mkdir --help` or `man mkdir`	`help me mkdir`	`? mkdir`	`info mkdir`	1	"Most UNIX tools support `--help`, and `man` (manual) opens the full system documentation for standard commands."	16S	QIIME2	Core	UNIX	core	
core_unix_20	Why does QIIME 2 usually require you to specify `--o-output-dir` or `--o-table` filenames?	To allow you to name your result files something meaningful	Because it is not possible for qiime to invent names	To overwrite your raw data	To delete the inputs	1	"Unlike graphical apps that might auto-save, UNIX tools require you to explicitly define where results go and what they should be called."	16S	QIIME2	Core	UNIX	core	
mis_01	Freezer failure! Samples thawed. (-$100)						Always check the backup generator!	16S	QIIME2			mishap	
mis_02	Grant received! (+$100)						Congratulations on a successful application!	16S	QIIME2			mishap	